Ticker,Summary,Label,Confidence,URLs
GME,Company plans to launch its RS1 rocket from Alaska’s Kodiak Island. ‘This award will help us in further developing on-call launch capabilities’,POSITIVE,0.9990478157997131,https://au.news.yahoo.com/
GME,Company plans to launch its RS1 rocket from Alaska’s Kodiak Island. ‘This award will help us in further developing on-call launch capabilities’,POSITIVE,0.9990478157997131,https://www.independent.co.uk/asia/east-asia/north-korea-nuclear-underwater-drone-test-b2307263.html
GME,Company plans to launch its RS1 rocket from Alaska’s Kodiak Island. ‘This award will help us in further developing on-call launch capabilities’,POSITIVE,0.9990478157997131,https://uk.news.yahoo.com/inside-ukraine-scramble-game-changer-092926919.html
GME,Company plans to launch its RS1 rocket from Alaska’s Kodiak Island. ‘This award will help us in further developing on-call launch capabilities’,POSITIVE,0.9990478157997131,https://au.finance.yahoo.com/work/
GME,Company plans to launch its RS1 rocket from Alaska’s Kodiak Island. ‘This award will help us in further developing on-call launch capabilities’,POSITIVE,0.9990478157997131,https://au.finance.yahoo.com/property/
GME,Company plans to launch its RS1 rocket from Alaska’s Kodiak Island. ‘This award will help us in further developing on-call launch capabilities’,POSITIVE,0.9990478157997131,https://au.news.yahoo.com/weather/
GME,Company plans to launch its RS1 rocket from Alaska’s Kodiak Island. ‘This award will help us in further developing on-call launch capabilities’,POSITIVE,0.9990478157997131,https://au.finance.yahoo.com/news/us-launches-air-strikes-syria-050158495.html
GME,Company plans to launch its RS1 rocket from Alaska’s Kodiak Island. ‘This award will help us in further developing on-call launch capabilities’,POSITIVE,0.9990478157997131,https://au.finance.yahoo.com/currencies/
GME,Company plans to launch its RS1 rocket from Alaska’s Kodiak Island. ‘This award will help us in further developing on-call launch capabilities’,POSITIVE,0.9990478157997131,https://au.finance.yahoo.com/industries/industrials/
GME,Company plans to launch its RS1 rocket from Alaska’s Kodiak Island. ‘This award will help us in further developing on-call launch capabilities’,POSITIVE,0.9990478157997131,https://www.independent.co.uk/news/world/europe/putin-russia-wagner-ukraine-counteroffensive-b2307272.html
GME,Company plans to launch its RS1 rocket from Alaska’s Kodiak Island. ‘This award will help us in further developing on-call launch capabilities’,POSITIVE,0.9990478157997131,https://au.finance.yahoo.com/personal-finance/news/
GME,Company plans to launch its RS1 rocket from Alaska’s Kodiak Island. ‘This award will help us in further developing on-call launch capabilities’,POSITIVE,0.9990478157997131,https://au.lifestyle.yahoo.com/entertainment/
GME,Company plans to launch its RS1 rocket from Alaska’s Kodiak Island. ‘This award will help us in further developing on-call launch capabilities’,POSITIVE,0.9990478157997131,https://au.finance.yahoo.com/industries/real-estate/
GME,Company plans to launch its RS1 rocket from Alaska’s Kodiak Island. ‘This award will help us in further developing on-call launch capabilities’,POSITIVE,0.9990478157997131,https://www.independent.co.uk/news/world/europe/new-zeland-soldier-killed-in-ukraine-b2306416.html
GME,Company plans to launch its RS1 rocket from Alaska’s Kodiak Island. ‘This award will help us in further developing on-call launch capabilities’,POSITIVE,0.9990478157997131,https://www.independent.co.uk/space/asteroid-earth-moon-nasa-city-killer-b2307600.html
GME,Company plans to launch its RS1 rocket from Alaska’s Kodiak Island. ‘This award will help us in further developing on-call launch capabilities’,POSITIVE,0.9990478157997131,https://au.finance.yahoo.com/news/rich-list-the-wealthiest-aussies-have-been-revealed-013409431.html
GME,Company plans to launch its RS1 rocket from Alaska’s Kodiak Island. ‘This award will help us in further developing on-call launch capabilities’,POSITIVE,0.9990478157997131,https://au.finance.yahoo.com/news/russias-bakhmut-assault-loses-steam-133656163.html
GME,Company plans to launch its RS1 rocket from Alaska’s Kodiak Island. ‘This award will help us in further developing on-call launch capabilities’,POSITIVE,0.9990478157997131,https://au.finance.yahoo.com/news/blue-origin-pins-last-summers-ns-23-rocket-failure-on-a-faulty-engine-nozzle-195714293.html
GME,Company plans to launch its RS1 rocket from Alaska’s Kodiak Island. ‘This award will help us in further developing on-call launch capabilities’,POSITIVE,0.9990478157997131,https://au.finance.yahoo.com/news/chinas-only-now-revealed-crucial-051250369.html
GME,Company plans to launch its RS1 rocket from Alaska’s Kodiak Island. ‘This award will help us in further developing on-call launch capabilities’,POSITIVE,0.9990478157997131,https://au.finance.yahoo.com/topic/technology/
GME,Company plans to launch its RS1 rocket from Alaska’s Kodiak Island. ‘This award will help us in further developing on-call launch capabilities’,POSITIVE,0.9990478157997131,https://au.finance.yahoo.com/
GME,Company plans to launch its RS1 rocket from Alaska’s Kodiak Island. ‘This award will help us in further developing on-call launch capabilities’,POSITIVE,0.9990478157997131,https://ca.news.yahoo.com/u-carries-air-strikes-syria-030237336.html
GME,Company plans to launch its RS1 rocket from Alaska’s Kodiak Island. ‘This award will help us in further developing on-call launch capabilities’,POSITIVE,0.9990478157997131,https://au.finance.yahoo.com/news/ukrainian-forces-soon-launch-counter-073009658.html
GME,Company plans to launch its RS1 rocket from Alaska’s Kodiak Island. ‘This award will help us in further developing on-call launch capabilities’,POSITIVE,0.9990478157997131,https://mail.yahoo.com/?.intl=au
GME,Company plans to launch its RS1 rocket from Alaska’s Kodiak Island. ‘This award will help us in further developing on-call launch capabilities’,POSITIVE,0.9990478157997131,https://au.finance.yahoo.com/industries/financial/
GME,Company plans to launch its RS1 rocket from Alaska’s Kodiak Island. ‘This award will help us in further developing on-call launch capabilities’,POSITIVE,0.9990478157997131,https://au.finance.yahoo.com/news/insight-inside-ukraine-scramble-game-092440010.html
GME,Company plans to launch its RS1 rocket from Alaska’s Kodiak Island. ‘This award will help us in further developing on-call launch capabilities’,POSITIVE,0.9990478157997131,https://au.finance.yahoo.com/portfolios/
GME,Company plans to launch its RS1 rocket from Alaska’s Kodiak Island. ‘This award will help us in further developing on-call launch capabilities’,POSITIVE,0.9990478157997131,https://au.finance.yahoo.com/news/landlords-are-having-a-harder-time-than-we-think-232740955.html
GME,Company plans to launch its RS1 rocket from Alaska’s Kodiak Island. ‘This award will help us in further developing on-call launch capabilities’,POSITIVE,0.9990478157997131,https://au.finance.yahoo.com/industries/telecom_utilities/
GME,Company plans to launch its RS1 rocket from Alaska’s Kodiak Island. ‘This award will help us in further developing on-call launch capabilities’,POSITIVE,0.9990478157997131,https://au.sports.yahoo.com/
GME,Company plans to launch its RS1 rocket from Alaska’s Kodiak Island. ‘This award will help us in further developing on-call launch capabilities’,POSITIVE,0.9990478157997131,https://au.lifestyle.yahoo.com/
GME,Company plans to launch its RS1 rocket from Alaska’s Kodiak Island. ‘This award will help us in further developing on-call launch capabilities’,POSITIVE,0.9990478157997131,https://au.finance.yahoo.com/news/5-tips-to-get-the-most-from-a-tight-family-budget-020550708.html
GME,Company plans to launch its RS1 rocket from Alaska’s Kodiak Island. ‘This award will help us in further developing on-call launch capabilities’,POSITIVE,0.9990478157997131,https://au.finance.yahoo.com/industries/consumer_products_media/
GME,Company plans to launch its RS1 rocket from Alaska’s Kodiak Island. ‘This award will help us in further developing on-call launch capabilities’,POSITIVE,0.9990478157997131,https://au.finance.yahoo.com/industries/technology/
GME,Company plans to launch its RS1 rocket from Alaska’s Kodiak Island. ‘This award will help us in further developing on-call launch capabilities’,POSITIVE,0.9990478157997131,https://au.finance.yahoo.com/news/signs-a-global-recession-could-be-on-the-cards-004143065.html
GME,Company plans to launch its RS1 rocket from Alaska’s Kodiak Island. ‘This award will help us in further developing on-call launch capabilities’,POSITIVE,0.9990478157997131,https://au.finance.yahoo.com/news/us-amphibious-assault-ship-joins-060024952.html
GME,Company plans to launch its RS1 rocket from Alaska’s Kodiak Island. ‘This award will help us in further developing on-call launch capabilities’,POSITIVE,0.9990478157997131,https://au.yahoo.com/everything/
GME,Company plans to launch its RS1 rocket from Alaska’s Kodiak Island. ‘This award will help us in further developing on-call launch capabilities’,POSITIVE,0.9990478157997131,https://au.finance.yahoo.com/australia/
GME,Company plans to launch its RS1 rocket from Alaska’s Kodiak Island. ‘This award will help us in further developing on-call launch capabilities’,POSITIVE,0.9990478157997131,https://au.finance.yahoo.com/crypto/
GME,Company plans to launch its RS1 rocket from Alaska’s Kodiak Island. ‘This award will help us in further developing on-call launch capabilities’,POSITIVE,0.9990478157997131,https://au.finance.yahoo.com/all-markets-summit-au/
GME,Company plans to launch its RS1 rocket from Alaska’s Kodiak Island. ‘This award will help us in further developing on-call launch capabilities’,POSITIVE,0.9990478157997131,https://au.finance.yahoo.com/news/aquarius-daily-horoscope-25-march-200048636.html
GME,Company plans to launch its RS1 rocket from Alaska’s Kodiak Island. ‘This award will help us in further developing on-call launch capabilities’,POSITIVE,0.9990478157997131,https://au.finance.yahoo.com/money/
GME,Company plans to launch its RS1 rocket from Alaska’s Kodiak Island. ‘This award will help us in further developing on-call launch capabilities’,POSITIVE,0.9990478157997131,https://au.finance.yahoo.com
GME,Company plans to launch its RS1 rocket from Alaska’s Kodiak Island. ‘This award will help us in further developing on-call launch capabilities’,POSITIVE,0.9990478157997131,https://www.independent.co.uk/news/world/europe/ukraine-russia-war-putin-arrest-medvedev-latest-b2307174.html
GME,Company plans to launch its RS1 rocket from Alaska’s Kodiak Island. ‘This award will help us in further developing on-call launch capabilities’,POSITIVE,0.9990478157997131,https://au.finance.yahoo.com/industries/healthcare/
GME,Company plans to launch its RS1 rocket from Alaska’s Kodiak Island. ‘This award will help us in further developing on-call launch capabilities’,POSITIVE,0.9990478157997131,https://ca.news.yahoo.com/chinas-military-says-us-warship-034615577.html
GME,Company plans to launch its RS1 rocket from Alaska’s Kodiak Island. ‘This award will help us in further developing on-call launch capabilities’,POSITIVE,0.9990478157997131,https://au.finance.yahoo.com/news/russia-cannot-meet-arms-delivery-124134792.html
GME,Company plans to launch its RS1 rocket from Alaska’s Kodiak Island. ‘This award will help us in further developing on-call launch capabilities’,POSITIVE,0.9990478157997131,https://au.finance.yahoo.com/watchlists/
GME,Company plans to launch its RS1 rocket from Alaska’s Kodiak Island. ‘This award will help us in further developing on-call launch capabilities’,POSITIVE,0.9990478157997131,https://au.finance.yahoo.com/world-indices/
GME,Company plans to launch its RS1 rocket from Alaska’s Kodiak Island. ‘This award will help us in further developing on-call launch capabilities’,POSITIVE,0.9990478157997131,https://au.finance.yahoo.com/news/pragma-bio-searching-cancer-treatments-182657319.html
GME,Company plans to launch its RS1 rocket from Alaska’s Kodiak Island. ‘This award will help us in further developing on-call launch capabilities’,POSITIVE,0.9990478157997131,https://au.finance.yahoo.com/currency-converter/
GME,Company plans to launch its RS1 rocket from Alaska’s Kodiak Island. ‘This award will help us in further developing on-call launch capabilities’,POSITIVE,0.9990478157997131,https://yahoo.uservoice.com/forums/170310-au-finance/
GME,Company plans to launch its RS1 rocket from Alaska’s Kodiak Island. ‘This award will help us in further developing on-call launch capabilities’,POSITIVE,0.9990478157997131,https://au.finance.yahoo.com/topic/commodities/
GME,Company plans to launch its RS1 rocket from Alaska’s Kodiak Island. ‘This award will help us in further developing on-call launch capabilities’,POSITIVE,0.9990478157997131,https://au.finance.yahoo.com/industries/basic_materials/
GME,Company plans to launch its RS1 rocket from Alaska’s Kodiak Island. ‘This award will help us in further developing on-call launch capabilities’,POSITIVE,0.9990478157997131,https://au.finance.yahoo.com/news/scammed-aussies-warned-about-follow-up-threat-003733124.html
GME,Company plans to launch its RS1 rocket from Alaska’s Kodiak Island. ‘This award will help us in further developing on-call launch capabilities’,POSITIVE,0.9990478157997131,https://uk.news.yahoo.com/ukraine-says-russian-forces-leave-180306272.html
GME,Company plans to launch its RS1 rocket from Alaska’s Kodiak Island. ‘This award will help us in further developing on-call launch capabilities’,POSITIVE,0.9990478157997131,https://au.yahoo.com/
GME,Company plans to launch its RS1 rocket from Alaska’s Kodiak Island. ‘This award will help us in further developing on-call launch capabilities’,POSITIVE,0.9990478157997131,https://au.finance.yahoo.com/the-new-investors/
GME,Company plans to launch its RS1 rocket from Alaska’s Kodiak Island. ‘This award will help us in further developing on-call launch capabilities’,POSITIVE,0.9990478157997131,https://au.finance.yahoo.com/news/ukrainian-army-repel-round-clock-072133374.html
GME,Company plans to launch its RS1 rocket from Alaska’s Kodiak Island. ‘This award will help us in further developing on-call launch capabilities’,POSITIVE,0.9990478157997131,https://au.finance.yahoo.com/topic/international/
TSLA,Company plans to launch its RS1 rocket from Alaska’s Kodiak Island. ‘This award will help us in further developing on-call launch capabilities’,POSITIVE,0.9990478157997131,https://au.news.yahoo.com/
TSLA,Company plans to launch its RS1 rocket from Alaska’s Kodiak Island. ‘This award will help us in further developing on-call launch capabilities’,POSITIVE,0.9990478157997131,https://www.independent.co.uk/asia/east-asia/north-korea-nuclear-underwater-drone-test-b2307263.html
TSLA,Company plans to launch its RS1 rocket from Alaska’s Kodiak Island. ‘This award will help us in further developing on-call launch capabilities’,POSITIVE,0.9990478157997131,https://uk.news.yahoo.com/inside-ukraine-scramble-game-changer-092926919.html
TSLA,Company plans to launch its RS1 rocket from Alaska’s Kodiak Island. ‘This award will help us in further developing on-call launch capabilities’,POSITIVE,0.9990478157997131,https://au.finance.yahoo.com/work/
TSLA,Company plans to launch its RS1 rocket from Alaska’s Kodiak Island. ‘This award will help us in further developing on-call launch capabilities’,POSITIVE,0.9990478157997131,https://au.finance.yahoo.com/property/
TSLA,Company plans to launch its RS1 rocket from Alaska’s Kodiak Island. ‘This award will help us in further developing on-call launch capabilities’,POSITIVE,0.9990478157997131,https://au.news.yahoo.com/weather/
TSLA,Company plans to launch its RS1 rocket from Alaska’s Kodiak Island. ‘This award will help us in further developing on-call launch capabilities’,POSITIVE,0.9990478157997131,https://au.finance.yahoo.com/news/us-launches-air-strikes-syria-050158495.html
TSLA,Company plans to launch its RS1 rocket from Alaska’s Kodiak Island. ‘This award will help us in further developing on-call launch capabilities’,POSITIVE,0.9990478157997131,https://au.finance.yahoo.com/currencies/
TSLA,Company plans to launch its RS1 rocket from Alaska’s Kodiak Island. ‘This award will help us in further developing on-call launch capabilities’,POSITIVE,0.9990478157997131,https://au.finance.yahoo.com/industries/industrials/
TSLA,Company plans to launch its RS1 rocket from Alaska’s Kodiak Island. ‘This award will help us in further developing on-call launch capabilities’,POSITIVE,0.9990478157997131,https://www.independent.co.uk/news/world/europe/putin-russia-wagner-ukraine-counteroffensive-b2307272.html
TSLA,Company plans to launch its RS1 rocket from Alaska’s Kodiak Island. ‘This award will help us in further developing on-call launch capabilities’,POSITIVE,0.9990478157997131,https://au.finance.yahoo.com/personal-finance/news/
TSLA,Company plans to launch its RS1 rocket from Alaska’s Kodiak Island. ‘This award will help us in further developing on-call launch capabilities’,POSITIVE,0.9990478157997131,https://au.lifestyle.yahoo.com/entertainment/
TSLA,Company plans to launch its RS1 rocket from Alaska’s Kodiak Island. ‘This award will help us in further developing on-call launch capabilities’,POSITIVE,0.9990478157997131,https://au.finance.yahoo.com/industries/real-estate/
TSLA,Company plans to launch its RS1 rocket from Alaska’s Kodiak Island. ‘This award will help us in further developing on-call launch capabilities’,POSITIVE,0.9990478157997131,https://www.independent.co.uk/news/world/europe/new-zeland-soldier-killed-in-ukraine-b2306416.html
TSLA,Company plans to launch its RS1 rocket from Alaska’s Kodiak Island. ‘This award will help us in further developing on-call launch capabilities’,POSITIVE,0.9990478157997131,https://www.independent.co.uk/space/asteroid-earth-moon-nasa-city-killer-b2307600.html
TSLA,Company plans to launch its RS1 rocket from Alaska’s Kodiak Island. ‘This award will help us in further developing on-call launch capabilities’,POSITIVE,0.9990478157997131,https://au.finance.yahoo.com/news/rich-list-the-wealthiest-aussies-have-been-revealed-013409431.html
TSLA,Company plans to launch its RS1 rocket from Alaska’s Kodiak Island. ‘This award will help us in further developing on-call launch capabilities’,POSITIVE,0.9990478157997131,https://au.finance.yahoo.com/news/russias-bakhmut-assault-loses-steam-133656163.html
TSLA,Company plans to launch its RS1 rocket from Alaska’s Kodiak Island. ‘This award will help us in further developing on-call launch capabilities’,POSITIVE,0.9990478157997131,https://au.finance.yahoo.com/news/blue-origin-pins-last-summers-ns-23-rocket-failure-on-a-faulty-engine-nozzle-195714293.html
TSLA,Company plans to launch its RS1 rocket from Alaska’s Kodiak Island. ‘This award will help us in further developing on-call launch capabilities’,POSITIVE,0.9990478157997131,https://au.finance.yahoo.com/news/chinas-only-now-revealed-crucial-051250369.html
TSLA,Company plans to launch its RS1 rocket from Alaska’s Kodiak Island. ‘This award will help us in further developing on-call launch capabilities’,POSITIVE,0.9990478157997131,https://au.finance.yahoo.com/topic/technology/
TSLA,Company plans to launch its RS1 rocket from Alaska’s Kodiak Island. ‘This award will help us in further developing on-call launch capabilities’,POSITIVE,0.9990478157997131,https://au.finance.yahoo.com/
TSLA,Company plans to launch its RS1 rocket from Alaska’s Kodiak Island. ‘This award will help us in further developing on-call launch capabilities’,POSITIVE,0.9990478157997131,https://ca.news.yahoo.com/u-carries-air-strikes-syria-030237336.html
TSLA,Company plans to launch its RS1 rocket from Alaska’s Kodiak Island. ‘This award will help us in further developing on-call launch capabilities’,POSITIVE,0.9990478157997131,https://au.finance.yahoo.com/news/ukrainian-forces-soon-launch-counter-073009658.html
TSLA,Company plans to launch its RS1 rocket from Alaska’s Kodiak Island. ‘This award will help us in further developing on-call launch capabilities’,POSITIVE,0.9990478157997131,https://mail.yahoo.com/?.intl=au
TSLA,Company plans to launch its RS1 rocket from Alaska’s Kodiak Island. ‘This award will help us in further developing on-call launch capabilities’,POSITIVE,0.9990478157997131,https://au.finance.yahoo.com/industries/financial/
TSLA,Company plans to launch its RS1 rocket from Alaska’s Kodiak Island. ‘This award will help us in further developing on-call launch capabilities’,POSITIVE,0.9990478157997131,https://au.finance.yahoo.com/news/insight-inside-ukraine-scramble-game-092440010.html
TSLA,Company plans to launch its RS1 rocket from Alaska’s Kodiak Island. ‘This award will help us in further developing on-call launch capabilities’,POSITIVE,0.9990478157997131,https://au.finance.yahoo.com/portfolios/
TSLA,Company plans to launch its RS1 rocket from Alaska’s Kodiak Island. ‘This award will help us in further developing on-call launch capabilities’,POSITIVE,0.9990478157997131,https://au.finance.yahoo.com/news/landlords-are-having-a-harder-time-than-we-think-232740955.html
TSLA,Company plans to launch its RS1 rocket from Alaska’s Kodiak Island. ‘This award will help us in further developing on-call launch capabilities’,POSITIVE,0.9990478157997131,https://au.finance.yahoo.com/industries/telecom_utilities/
TSLA,Company plans to launch its RS1 rocket from Alaska’s Kodiak Island. ‘This award will help us in further developing on-call launch capabilities’,POSITIVE,0.9990478157997131,https://au.sports.yahoo.com/
TSLA,Company plans to launch its RS1 rocket from Alaska’s Kodiak Island. ‘This award will help us in further developing on-call launch capabilities’,POSITIVE,0.9990478157997131,https://au.lifestyle.yahoo.com/
TSLA,Company plans to launch its RS1 rocket from Alaska’s Kodiak Island. ‘This award will help us in further developing on-call launch capabilities’,POSITIVE,0.9990478157997131,https://au.finance.yahoo.com/news/5-tips-to-get-the-most-from-a-tight-family-budget-020550708.html
TSLA,Company plans to launch its RS1 rocket from Alaska’s Kodiak Island. ‘This award will help us in further developing on-call launch capabilities’,POSITIVE,0.9990478157997131,https://au.finance.yahoo.com/industries/consumer_products_media/
TSLA,Company plans to launch its RS1 rocket from Alaska’s Kodiak Island. ‘This award will help us in further developing on-call launch capabilities’,POSITIVE,0.9990478157997131,https://au.finance.yahoo.com/industries/technology/
TSLA,Company plans to launch its RS1 rocket from Alaska’s Kodiak Island. ‘This award will help us in further developing on-call launch capabilities’,POSITIVE,0.9990478157997131,https://au.finance.yahoo.com/news/signs-a-global-recession-could-be-on-the-cards-004143065.html
TSLA,Company plans to launch its RS1 rocket from Alaska’s Kodiak Island. ‘This award will help us in further developing on-call launch capabilities’,POSITIVE,0.9990478157997131,https://au.finance.yahoo.com/news/us-amphibious-assault-ship-joins-060024952.html
TSLA,Company plans to launch its RS1 rocket from Alaska’s Kodiak Island. ‘This award will help us in further developing on-call launch capabilities’,POSITIVE,0.9990478157997131,https://au.yahoo.com/everything/
TSLA,Company plans to launch its RS1 rocket from Alaska’s Kodiak Island. ‘This award will help us in further developing on-call launch capabilities’,POSITIVE,0.9990478157997131,https://au.finance.yahoo.com/australia/
TSLA,Company plans to launch its RS1 rocket from Alaska’s Kodiak Island. ‘This award will help us in further developing on-call launch capabilities’,POSITIVE,0.9990478157997131,https://au.finance.yahoo.com/crypto/
TSLA,Company plans to launch its RS1 rocket from Alaska’s Kodiak Island. ‘This award will help us in further developing on-call launch capabilities’,POSITIVE,0.9990478157997131,https://au.finance.yahoo.com/all-markets-summit-au/
TSLA,Company plans to launch its RS1 rocket from Alaska’s Kodiak Island. ‘This award will help us in further developing on-call launch capabilities’,POSITIVE,0.9990478157997131,https://au.finance.yahoo.com/news/aquarius-daily-horoscope-25-march-200048636.html
TSLA,Company plans to launch its RS1 rocket from Alaska’s Kodiak Island. ‘This award will help us in further developing on-call launch capabilities’,POSITIVE,0.9990478157997131,https://au.finance.yahoo.com/money/
TSLA,Company plans to launch its RS1 rocket from Alaska’s Kodiak Island. ‘This award will help us in further developing on-call launch capabilities’,POSITIVE,0.9990478157997131,https://au.finance.yahoo.com
TSLA,Company plans to launch its RS1 rocket from Alaska’s Kodiak Island. ‘This award will help us in further developing on-call launch capabilities’,POSITIVE,0.9990478157997131,https://www.independent.co.uk/news/world/europe/ukraine-russia-war-putin-arrest-medvedev-latest-b2307174.html
TSLA,Company plans to launch its RS1 rocket from Alaska’s Kodiak Island. ‘This award will help us in further developing on-call launch capabilities’,POSITIVE,0.9990478157997131,https://au.finance.yahoo.com/industries/healthcare/
TSLA,Company plans to launch its RS1 rocket from Alaska’s Kodiak Island. ‘This award will help us in further developing on-call launch capabilities’,POSITIVE,0.9990478157997131,https://ca.news.yahoo.com/chinas-military-says-us-warship-034615577.html
TSLA,Company plans to launch its RS1 rocket from Alaska’s Kodiak Island. ‘This award will help us in further developing on-call launch capabilities’,POSITIVE,0.9990478157997131,https://au.finance.yahoo.com/news/russia-cannot-meet-arms-delivery-124134792.html
TSLA,Company plans to launch its RS1 rocket from Alaska’s Kodiak Island. ‘This award will help us in further developing on-call launch capabilities’,POSITIVE,0.9990478157997131,https://au.finance.yahoo.com/watchlists/
TSLA,Company plans to launch its RS1 rocket from Alaska’s Kodiak Island. ‘This award will help us in further developing on-call launch capabilities’,POSITIVE,0.9990478157997131,https://au.finance.yahoo.com/world-indices/
TSLA,Company plans to launch its RS1 rocket from Alaska’s Kodiak Island. ‘This award will help us in further developing on-call launch capabilities’,POSITIVE,0.9990478157997131,https://au.finance.yahoo.com/news/pragma-bio-searching-cancer-treatments-182657319.html
TSLA,Company plans to launch its RS1 rocket from Alaska’s Kodiak Island. ‘This award will help us in further developing on-call launch capabilities’,POSITIVE,0.9990478157997131,https://au.finance.yahoo.com/currency-converter/
TSLA,Company plans to launch its RS1 rocket from Alaska’s Kodiak Island. ‘This award will help us in further developing on-call launch capabilities’,POSITIVE,0.9990478157997131,https://yahoo.uservoice.com/forums/170310-au-finance/
TSLA,Company plans to launch its RS1 rocket from Alaska’s Kodiak Island. ‘This award will help us in further developing on-call launch capabilities’,POSITIVE,0.9990478157997131,https://au.finance.yahoo.com/topic/commodities/
TSLA,Company plans to launch its RS1 rocket from Alaska’s Kodiak Island. ‘This award will help us in further developing on-call launch capabilities’,POSITIVE,0.9990478157997131,https://au.finance.yahoo.com/industries/basic_materials/
TSLA,Company plans to launch its RS1 rocket from Alaska’s Kodiak Island. ‘This award will help us in further developing on-call launch capabilities’,POSITIVE,0.9990478157997131,https://au.finance.yahoo.com/news/scammed-aussies-warned-about-follow-up-threat-003733124.html
TSLA,Company plans to launch its RS1 rocket from Alaska’s Kodiak Island. ‘This award will help us in further developing on-call launch capabilities’,POSITIVE,0.9990478157997131,https://uk.news.yahoo.com/ukraine-says-russian-forces-leave-180306272.html
TSLA,Company plans to launch its RS1 rocket from Alaska’s Kodiak Island. ‘This award will help us in further developing on-call launch capabilities’,POSITIVE,0.9990478157997131,https://au.yahoo.com/
TSLA,Company plans to launch its RS1 rocket from Alaska’s Kodiak Island. ‘This award will help us in further developing on-call launch capabilities’,POSITIVE,0.9990478157997131,https://au.finance.yahoo.com/the-new-investors/
TSLA,Company plans to launch its RS1 rocket from Alaska’s Kodiak Island. ‘This award will help us in further developing on-call launch capabilities’,POSITIVE,0.9990478157997131,https://au.finance.yahoo.com/news/ukrainian-army-repel-round-clock-072133374.html
TSLA,Company plans to launch its RS1 rocket from Alaska’s Kodiak Island. ‘This award will help us in further developing on-call launch capabilities’,POSITIVE,0.9990478157997131,https://au.finance.yahoo.com/topic/international/
BTC,Company plans to launch its RS1 rocket from Alaska’s Kodiak Island. ‘This award will help us in further developing on-call launch capabilities’,POSITIVE,0.9990478157997131,https://au.news.yahoo.com/
BTC,Company plans to launch its RS1 rocket from Alaska’s Kodiak Island. ‘This award will help us in further developing on-call launch capabilities’,POSITIVE,0.9990478157997131,https://www.independent.co.uk/asia/east-asia/north-korea-nuclear-underwater-drone-test-b2307263.html
BTC,Company plans to launch its RS1 rocket from Alaska’s Kodiak Island. ‘This award will help us in further developing on-call launch capabilities’,POSITIVE,0.9990478157997131,https://uk.news.yahoo.com/inside-ukraine-scramble-game-changer-092926919.html
BTC,Company plans to launch its RS1 rocket from Alaska’s Kodiak Island. ‘This award will help us in further developing on-call launch capabilities’,POSITIVE,0.9990478157997131,https://au.finance.yahoo.com/work/
BTC,Company plans to launch its RS1 rocket from Alaska’s Kodiak Island. ‘This award will help us in further developing on-call launch capabilities’,POSITIVE,0.9990478157997131,https://au.finance.yahoo.com/property/
BTC,Company plans to launch its RS1 rocket from Alaska’s Kodiak Island. ‘This award will help us in further developing on-call launch capabilities’,POSITIVE,0.9990478157997131,https://au.news.yahoo.com/weather/
BTC,Company plans to launch its RS1 rocket from Alaska’s Kodiak Island. ‘This award will help us in further developing on-call launch capabilities’,POSITIVE,0.9990478157997131,https://au.finance.yahoo.com/news/us-launches-air-strikes-syria-050158495.html
BTC,Company plans to launch its RS1 rocket from Alaska’s Kodiak Island. ‘This award will help us in further developing on-call launch capabilities’,POSITIVE,0.9990478157997131,https://au.finance.yahoo.com/currencies/
BTC,Company plans to launch its RS1 rocket from Alaska’s Kodiak Island. ‘This award will help us in further developing on-call launch capabilities’,POSITIVE,0.9990478157997131,https://au.finance.yahoo.com/industries/industrials/
BTC,Company plans to launch its RS1 rocket from Alaska’s Kodiak Island. ‘This award will help us in further developing on-call launch capabilities’,POSITIVE,0.9990478157997131,https://www.independent.co.uk/news/world/europe/putin-russia-wagner-ukraine-counteroffensive-b2307272.html
BTC,Company plans to launch its RS1 rocket from Alaska’s Kodiak Island. ‘This award will help us in further developing on-call launch capabilities’,POSITIVE,0.9990478157997131,https://au.finance.yahoo.com/personal-finance/news/
BTC,Company plans to launch its RS1 rocket from Alaska’s Kodiak Island. ‘This award will help us in further developing on-call launch capabilities’,POSITIVE,0.9990478157997131,https://au.lifestyle.yahoo.com/entertainment/
BTC,Company plans to launch its RS1 rocket from Alaska’s Kodiak Island. ‘This award will help us in further developing on-call launch capabilities’,POSITIVE,0.9990478157997131,https://au.finance.yahoo.com/industries/real-estate/
BTC,Company plans to launch its RS1 rocket from Alaska’s Kodiak Island. ‘This award will help us in further developing on-call launch capabilities’,POSITIVE,0.9990478157997131,https://www.independent.co.uk/news/world/europe/new-zeland-soldier-killed-in-ukraine-b2306416.html
BTC,Company plans to launch its RS1 rocket from Alaska’s Kodiak Island. ‘This award will help us in further developing on-call launch capabilities’,POSITIVE,0.9990478157997131,https://www.independent.co.uk/space/asteroid-earth-moon-nasa-city-killer-b2307600.html
BTC,Company plans to launch its RS1 rocket from Alaska’s Kodiak Island. ‘This award will help us in further developing on-call launch capabilities’,POSITIVE,0.9990478157997131,https://au.finance.yahoo.com/news/rich-list-the-wealthiest-aussies-have-been-revealed-013409431.html
BTC,Company plans to launch its RS1 rocket from Alaska’s Kodiak Island. ‘This award will help us in further developing on-call launch capabilities’,POSITIVE,0.9990478157997131,https://au.finance.yahoo.com/news/russias-bakhmut-assault-loses-steam-133656163.html
BTC,Company plans to launch its RS1 rocket from Alaska’s Kodiak Island. ‘This award will help us in further developing on-call launch capabilities’,POSITIVE,0.9990478157997131,https://au.finance.yahoo.com/news/blue-origin-pins-last-summers-ns-23-rocket-failure-on-a-faulty-engine-nozzle-195714293.html
BTC,Company plans to launch its RS1 rocket from Alaska’s Kodiak Island. ‘This award will help us in further developing on-call launch capabilities’,POSITIVE,0.9990478157997131,https://au.finance.yahoo.com/news/chinas-only-now-revealed-crucial-051250369.html
BTC,Company plans to launch its RS1 rocket from Alaska’s Kodiak Island. ‘This award will help us in further developing on-call launch capabilities’,POSITIVE,0.9990478157997131,https://au.finance.yahoo.com/topic/technology/
BTC,Company plans to launch its RS1 rocket from Alaska’s Kodiak Island. ‘This award will help us in further developing on-call launch capabilities’,POSITIVE,0.9990478157997131,https://au.finance.yahoo.com/
BTC,Company plans to launch its RS1 rocket from Alaska’s Kodiak Island. ‘This award will help us in further developing on-call launch capabilities’,POSITIVE,0.9990478157997131,https://ca.news.yahoo.com/u-carries-air-strikes-syria-030237336.html
BTC,Company plans to launch its RS1 rocket from Alaska’s Kodiak Island. ‘This award will help us in further developing on-call launch capabilities’,POSITIVE,0.9990478157997131,https://au.finance.yahoo.com/news/ukrainian-forces-soon-launch-counter-073009658.html
BTC,Company plans to launch its RS1 rocket from Alaska’s Kodiak Island. ‘This award will help us in further developing on-call launch capabilities’,POSITIVE,0.9990478157997131,https://mail.yahoo.com/?.intl=au
BTC,Company plans to launch its RS1 rocket from Alaska’s Kodiak Island. ‘This award will help us in further developing on-call launch capabilities’,POSITIVE,0.9990478157997131,https://au.finance.yahoo.com/industries/financial/
BTC,Company plans to launch its RS1 rocket from Alaska’s Kodiak Island. ‘This award will help us in further developing on-call launch capabilities’,POSITIVE,0.9990478157997131,https://au.finance.yahoo.com/news/insight-inside-ukraine-scramble-game-092440010.html
BTC,Company plans to launch its RS1 rocket from Alaska’s Kodiak Island. ‘This award will help us in further developing on-call launch capabilities’,POSITIVE,0.9990478157997131,https://au.finance.yahoo.com/portfolios/
BTC,Company plans to launch its RS1 rocket from Alaska’s Kodiak Island. ‘This award will help us in further developing on-call launch capabilities’,POSITIVE,0.9990478157997131,https://au.finance.yahoo.com/news/landlords-are-having-a-harder-time-than-we-think-232740955.html
BTC,Company plans to launch its RS1 rocket from Alaska’s Kodiak Island. ‘This award will help us in further developing on-call launch capabilities’,POSITIVE,0.9990478157997131,https://au.finance.yahoo.com/industries/telecom_utilities/
BTC,Company plans to launch its RS1 rocket from Alaska’s Kodiak Island. ‘This award will help us in further developing on-call launch capabilities’,POSITIVE,0.9990478157997131,https://au.sports.yahoo.com/
BTC,Company plans to launch its RS1 rocket from Alaska’s Kodiak Island. ‘This award will help us in further developing on-call launch capabilities’,POSITIVE,0.9990478157997131,https://au.lifestyle.yahoo.com/
BTC,Company plans to launch its RS1 rocket from Alaska’s Kodiak Island. ‘This award will help us in further developing on-call launch capabilities’,POSITIVE,0.9990478157997131,https://au.finance.yahoo.com/news/5-tips-to-get-the-most-from-a-tight-family-budget-020550708.html
BTC,Company plans to launch its RS1 rocket from Alaska’s Kodiak Island. ‘This award will help us in further developing on-call launch capabilities’,POSITIVE,0.9990478157997131,https://au.finance.yahoo.com/industries/consumer_products_media/
BTC,Company plans to launch its RS1 rocket from Alaska’s Kodiak Island. ‘This award will help us in further developing on-call launch capabilities’,POSITIVE,0.9990478157997131,https://au.finance.yahoo.com/industries/technology/
BTC,Company plans to launch its RS1 rocket from Alaska’s Kodiak Island. ‘This award will help us in further developing on-call launch capabilities’,POSITIVE,0.9990478157997131,https://au.finance.yahoo.com/news/signs-a-global-recession-could-be-on-the-cards-004143065.html
BTC,Company plans to launch its RS1 rocket from Alaska’s Kodiak Island. ‘This award will help us in further developing on-call launch capabilities’,POSITIVE,0.9990478157997131,https://au.finance.yahoo.com/news/us-amphibious-assault-ship-joins-060024952.html
BTC,Company plans to launch its RS1 rocket from Alaska’s Kodiak Island. ‘This award will help us in further developing on-call launch capabilities’,POSITIVE,0.9990478157997131,https://au.yahoo.com/everything/
BTC,Company plans to launch its RS1 rocket from Alaska’s Kodiak Island. ‘This award will help us in further developing on-call launch capabilities’,POSITIVE,0.9990478157997131,https://au.finance.yahoo.com/australia/
BTC,Company plans to launch its RS1 rocket from Alaska’s Kodiak Island. ‘This award will help us in further developing on-call launch capabilities’,POSITIVE,0.9990478157997131,https://au.finance.yahoo.com/crypto/
BTC,Company plans to launch its RS1 rocket from Alaska’s Kodiak Island. ‘This award will help us in further developing on-call launch capabilities’,POSITIVE,0.9990478157997131,https://au.finance.yahoo.com/all-markets-summit-au/
BTC,Company plans to launch its RS1 rocket from Alaska’s Kodiak Island. ‘This award will help us in further developing on-call launch capabilities’,POSITIVE,0.9990478157997131,https://au.finance.yahoo.com/news/aquarius-daily-horoscope-25-march-200048636.html
BTC,Company plans to launch its RS1 rocket from Alaska’s Kodiak Island. ‘This award will help us in further developing on-call launch capabilities’,POSITIVE,0.9990478157997131,https://au.finance.yahoo.com/money/
BTC,Company plans to launch its RS1 rocket from Alaska’s Kodiak Island. ‘This award will help us in further developing on-call launch capabilities’,POSITIVE,0.9990478157997131,https://au.finance.yahoo.com
BTC,Company plans to launch its RS1 rocket from Alaska’s Kodiak Island. ‘This award will help us in further developing on-call launch capabilities’,POSITIVE,0.9990478157997131,https://www.independent.co.uk/news/world/europe/ukraine-russia-war-putin-arrest-medvedev-latest-b2307174.html
BTC,Company plans to launch its RS1 rocket from Alaska’s Kodiak Island. ‘This award will help us in further developing on-call launch capabilities’,POSITIVE,0.9990478157997131,https://au.finance.yahoo.com/industries/healthcare/
BTC,Company plans to launch its RS1 rocket from Alaska’s Kodiak Island. ‘This award will help us in further developing on-call launch capabilities’,POSITIVE,0.9990478157997131,https://ca.news.yahoo.com/chinas-military-says-us-warship-034615577.html
BTC,Company plans to launch its RS1 rocket from Alaska’s Kodiak Island. ‘This award will help us in further developing on-call launch capabilities’,POSITIVE,0.9990478157997131,https://au.finance.yahoo.com/news/russia-cannot-meet-arms-delivery-124134792.html
BTC,Company plans to launch its RS1 rocket from Alaska’s Kodiak Island. ‘This award will help us in further developing on-call launch capabilities’,POSITIVE,0.9990478157997131,https://au.finance.yahoo.com/watchlists/
BTC,Company plans to launch its RS1 rocket from Alaska’s Kodiak Island. ‘This award will help us in further developing on-call launch capabilities’,POSITIVE,0.9990478157997131,https://au.finance.yahoo.com/world-indices/
BTC,Company plans to launch its RS1 rocket from Alaska’s Kodiak Island. ‘This award will help us in further developing on-call launch capabilities’,POSITIVE,0.9990478157997131,https://au.finance.yahoo.com/news/pragma-bio-searching-cancer-treatments-182657319.html
BTC,Company plans to launch its RS1 rocket from Alaska’s Kodiak Island. ‘This award will help us in further developing on-call launch capabilities’,POSITIVE,0.9990478157997131,https://au.finance.yahoo.com/currency-converter/
BTC,Company plans to launch its RS1 rocket from Alaska’s Kodiak Island. ‘This award will help us in further developing on-call launch capabilities’,POSITIVE,0.9990478157997131,https://yahoo.uservoice.com/forums/170310-au-finance/
BTC,Company plans to launch its RS1 rocket from Alaska’s Kodiak Island. ‘This award will help us in further developing on-call launch capabilities’,POSITIVE,0.9990478157997131,https://au.finance.yahoo.com/topic/commodities/
BTC,Company plans to launch its RS1 rocket from Alaska’s Kodiak Island. ‘This award will help us in further developing on-call launch capabilities’,POSITIVE,0.9990478157997131,https://au.finance.yahoo.com/industries/basic_materials/
BTC,Company plans to launch its RS1 rocket from Alaska’s Kodiak Island. ‘This award will help us in further developing on-call launch capabilities’,POSITIVE,0.9990478157997131,https://au.finance.yahoo.com/news/scammed-aussies-warned-about-follow-up-threat-003733124.html
BTC,Company plans to launch its RS1 rocket from Alaska’s Kodiak Island. ‘This award will help us in further developing on-call launch capabilities’,POSITIVE,0.9990478157997131,https://uk.news.yahoo.com/ukraine-says-russian-forces-leave-180306272.html
BTC,Company plans to launch its RS1 rocket from Alaska’s Kodiak Island. ‘This award will help us in further developing on-call launch capabilities’,POSITIVE,0.9990478157997131,https://au.yahoo.com/
BTC,Company plans to launch its RS1 rocket from Alaska’s Kodiak Island. ‘This award will help us in further developing on-call launch capabilities’,POSITIVE,0.9990478157997131,https://au.finance.yahoo.com/the-new-investors/
BTC,Company plans to launch its RS1 rocket from Alaska’s Kodiak Island. ‘This award will help us in further developing on-call launch capabilities’,POSITIVE,0.9990478157997131,https://au.finance.yahoo.com/news/ukrainian-army-repel-round-clock-072133374.html
BTC,Company plans to launch its RS1 rocket from Alaska’s Kodiak Island. ‘This award will help us in further developing on-call launch capabilities’,POSITIVE,0.9990478157997131,https://au.finance.yahoo.com/topic/international/
